last_login,allowed
2026-01-13T12:17:51.401392,True
2026-01-13T14:19:25.173396,True
2026-01-14T15:05:07.205641,True
2026-01-28T21:59:40.291757,True
2026-02-19T10:49:10.647984,True
2026-02-19T12:44:54.383521,True
2026-02-21T11:27:18.520657,True
2026-02-27T08:04:29.651444,True
2026-03-15T09:54:28.553184,True
2026-03-16T11:00:54.490241,True
2026-03-24T18:20:03.208313,True
2026-03-26T17:18:23.093127,True
2026-03-26T17:51:13.288125,True
2026-03-26T18:20:17.091308,True
2026-04-18T09:25:01.413357,True
2026-04-20T19:58:27.436495,True
2026-04-25T09:26:10.360839,True
2026-05-04T13:55:10.115852,True
2026-05-11T17:40:04.928280,True
2026-05-12T09:00:24.345514,True
2026-05-12T13:02:26.453103,True
2026-05-13T14:38:18.703688,True
2026-05-14T09:56:09.055792,True
2026-05-16T09:59:16.617305,True
