last_login,allowed
2025-10-16T20:29:03.067348,True
2025-10-16T20:35:12.250798,True
2025-10-16T20:37:00.674173,True
2025-10-16T21:46:24.716423,True
2025-10-26T22:17:46.604778,True
2025-10-26T22:49:35.640939,True
2025-10-29T17:00:53.818393,True
2025-10-30T16:50:32.675581,True
2025-10-30T18:08:49.629770,True
2025-10-30T18:16:14.214771,True
2025-10-30T18:17:06.907186,True
2025-10-30T18:57:53.423394,True
2025-10-30T18:58:42.214064,True
2025-10-30T19:00:48.319348,True
2025-10-30T21:06:38.337812,True
2025-10-30T22:18:54.101193,True
2025-10-31T12:01:28.082131,True
2025-10-31T15:35:47.532326,True
2025-10-31T15:56:08.630776,True
2025-10-31T16:03:10.960878,True
2025-10-31T16:11:26.245830,True
2025-10-31T16:18:54.377253,True
2025-10-31T20:40:53.483095,True
2025-11-02T12:46:00.472582,True
2025-11-03T20:34:00.227552,True
2025-11-03T20:49:15.732382,True
